City,Cloudiness,Country,Date,Humidity,Lat,Lng,Max Temp,Wind Speed
Kutum,100,SD,1563652764,62,14.2,24.66,76.3,8.52
Barrow,100,AR,1563652764,84,-38.31,-60.23,57.22,12.26
Ushuaia,40,AR,1563652472,47,-54.81,-68.31,37.4,16.11
Upernavik,100,GL,1563652473,93,72.79,-56.15,43.54,12.35
Bredasdorp,79,ZA,1563652472,86,-34.53,20.04,46.0,5.82
Saint-Paul,75,FR,1563652764,69,45.22,1.9,75.2,5.82
Constitucion,40,MX,1563652765,40,23.99,-104.67,75.0,5.82
Adrar,72,DZ,1563652701,12,27.87,-0.29,111.2,17.22
Saint-Philippe,1,CA,1563652765,44,45.36,-73.48,96.01,5.82
Albany,75,US,1563652267,55,42.65,-73.75,95.0,8.05
Port Elizabeth,40,US,1563652472,59,39.31,-74.98,102.0,5.82
Kapaa,20,US,1563652474,69,22.08,-159.32,82.4,14.99
Rikitea,65,PF,1563652407,47,-23.12,-134.97,67.12,6.85
Dawlatabad,0,AF,1563652765,20,36.41,64.91,86.74,12.55
Cape Town,84,ZA,1563652358,68,-33.93,18.42,51.01,12.55
New Norfolk,50,AU,1563652477,62,-42.78,147.06,51.8,13.87
Provideniya,100,RU,1563652765,88,64.42,-173.23,51.82,4.63
Hilo,20,US,1563652251,57,19.71,-155.08,84.0,4.7
Puerto Ayora,20,EC,1563652766,65,-0.74,-90.35,78.8,5.82
Rehoboth,0,NA,1563652766,47,-23.31,17.08,43.0,2.84
Mataura,82,NZ,1563652472,98,-46.19,168.86,46.0,2.19
Moron,80,HT,1563652766,71,18.56,-74.26,83.68,2.64
Quatre Cocos,40,MU,1563652475,83,-20.21,57.76,71.6,6.93
Morondava,0,MG,1563652766,68,-20.3,44.28,75.58,15.52
Kudahuvadhoo,76,MV,1563652766,80,2.67,72.89,82.96,14.14
Holetown,75,BB,1563652767,70,13.19,-59.64,86.0,18.34
Grindavik,75,IS,1563652251,59,63.84,-22.43,64.4,11.41
Port Blair,93,IN,1563652767,82,11.67,92.75,80.98,10.69
Sept-Iles,75,CA,1563652502,77,50.2,-66.38,66.99,8.05
Punta Arenas,75,CL,1563652477,74,-53.16,-70.91,37.4,9.17
Hirson,20,FR,1563652767,64,49.92,4.08,75.0,6.93
Nenjiang,100,CN,1563652767,96,49.17,125.23,68.74,7.92
Bluff,20,AU,1563652471,83,-23.58,149.07,54.34,9.57
Tasiilaq,40,GL,1563652473,76,65.61,-37.64,48.2,8.05
Yellowknife,40,CA,1563652476,49,62.45,-114.38,68.0,12.75
Ponta Delgada,40,PT,1563652589,88,37.73,-25.67,73.4,5.82
Norman Wells,75,CA,1563652250,60,65.28,-126.83,73.4,5.82
Taksimo,100,RU,1563652768,95,56.36,114.84,49.12,0.69
Port Macquarie,0,AU,1563652768,100,-31.43,152.91,41.0,3.13
Paranaiba,42,BR,1563652768,48,-19.68,-51.19,73.06,4.27
Chokurdakh,100,RU,1563652768,79,70.62,147.9,41.56,15.55
Mesker-Yurt,0,RU,1563652769,69,43.25,45.91,77.0,0.85
Andros Town,75,BS,1563652769,59,24.73,-77.79,89.6,12.75
Busselton,100,AU,1563652536,56,-33.64,115.35,59.0,27.63
Sorland,1,NO,1563652769,94,67.67,12.69,53.26,11.74
Hokitika,100,NZ,1563652769,71,-42.72,170.96,50.02,4.61
Kaura Namoda,0,NG,1563652769,64,12.59,6.58,78.82,9.64
Marsh Harbour,1,BS,1563652769,69,26.54,-77.06,84.76,8.75
Muros,20,ES,1563652770,77,42.77,-9.06,69.01,9.17
Sao Filipe,46,CV,1563652770,81,14.9,-24.5,72.88,18.52
Cockburn Town,0,TC,1563652770,79,21.46,-71.14,82.6,13.47
Otjimbingwe,0,NA,1563652770,50,-22.35,16.13,52.0,0.2
Pevek,91,RU,1563652770,94,69.7,170.27,32.38,4.05
Curup,100,ID,1563652770,92,-3.47,102.53,67.66,3.42
Ploemeur,0,FR,1563652771,82,47.73,-3.43,68.0,12.75
Palmer,20,AU,1563652771,76,-34.85,139.16,54.0,10.29
Vaini,100,IN,1563652771,91,15.34,74.49,77.56,7.2
Flin Flon,75,CA,1563652771,45,54.77,-101.88,66.2,4.7
Kavieng,100,PG,1563652771,75,-2.57,150.8,83.86,17.31
Oga,90,IT,1563652771,77,46.46,10.35,59.0,8.05
Thompson,75,CA,1563652475,39,55.74,-97.86,66.2,11.41
Egvekinot,100,RU,1563652772,93,66.32,-179.17,42.28,2.93
Saint Anthony,1,US,1563652248,25,43.97,-111.68,75.2,8.05
Ouahigouya,41,BF,1563652772,36,13.58,-2.42,90.16,11.21
Bambous Virieux,40,MU,1563652772,83,-20.34,57.76,71.6,6.93
Taybad,0,IR,1563652772,20,34.74,60.78,81.34,17.07
Solnechnyy,100,RU,1563652251,98,50.72,136.64,64.06,2.53
Iqaluit,90,CA,1563652772,93,63.75,-68.52,42.01,12.75
Georgetown,75,GY,1563652773,88,6.8,-58.16,80.6,6.93
Constantine,40,DZ,1563652685,40,36.36,6.61,86.0,6.93
Mahebourg,40,MU,1563652248,83,-20.41,57.7,71.6,6.93
Fortuna,90,US,1563652773,82,40.6,-124.16,82.0,9.17
Dunkirk,20,FR,1563652773,68,51.03,2.38,66.2,14.99
Zhezkazgan,11,KZ,1563652773,31,47.8,67.71,81.34,13.82
Monzon,90,IT,1563652773,93,46.45,11.69,66.0,13.87
Atuona,0,PF,1563652774,78,-9.8,-139.03,79.72,12.15
East London,7,ZA,1563652402,85,-33.02,27.91,43.18,8.1
Kapit,88,MY,1563652774,99,2.02,112.94,72.34,0.69
Cherskiy,98,RU,1563652774,62,68.75,161.3,44.98,7.11
Tuktoyaktuk,90,CA,1563652477,87,69.44,-133.03,55.4,9.17
Airai,0,TL,1563652476,63,-8.93,125.41,65.68,3.87
Touros,75,BR,1563652774,69,-5.2,-35.46,80.6,12.75
Lahan,2,NP,1563652774,85,26.71,86.48,78.64,3.33
Turmeque,54,CO,1563652775,69,5.32,-73.49,59.56,7.09
Nantucket,1,US,1563652775,83,41.28,-70.1,91.4,11.41
Cayenne,75,GF,1563652775,78,4.94,-52.33,82.4,5.82
Clyde River,75,CA,1563652775,86,70.47,-68.59,41.0,10.29
Sao Joao da Barra,40,BR,1563652775,69,-21.64,-41.05,73.4,16.11
Kenai,90,US,1563652776,93,60.55,-151.26,66.99,9.17
Shiyan,97,CN,1563652776,82,32.65,110.78,70.0,1.48
Hermanus,100,ZA,1563652473,87,-34.42,19.24,48.0,3.0
Ippy,50,CF,1563652776,96,6.26,21.2,66.22,1.28
Severo-Kurilsk,33,RU,1563652622,96,50.68,156.12,45.52,12.12
Arraial do Cabo,75,BR,1563652776,68,-22.97,-42.02,71.6,20.8
Alekseyevsk,93,RU,1563652776,54,57.84,108.35,53.62,9.1
Hobart,50,AU,1563652393,62,-42.88,147.33,51.8,13.87
Salvador,90,BR,1563652777,76,-12.98,-38.48,75.94,22.46
Hobyo,76,SO,1563652777,73,5.35,48.53,76.66,25.19
Sioux Lookout,75,CA,1563652777,82,50.1,-91.92,68.0,3.36
Lahij,65,YE,1563652777,40,13.06,44.88,94.48,7.02
Rabo de Peixe,40,PT,1563652777,88,37.8,-25.58,73.4,5.82
Qaqortoq,40,GL,1563652252,59,60.72,-46.03,60.8,8.05
Qiyang,91,CN,1563652777,91,26.59,111.85,77.92,1.77
Seoul,90,KR,1563652573,94,37.57,126.98,75.2,9.04
Gladstone,90,AU,1563652778,72,-23.84,151.26,59.0,2.24
Isiro,0,CD,1563652778,98,2.77,27.62,66.4,2.01
Geraldton,75,CA,1563652778,43,49.72,-86.95,73.4,10.29
Celestun,0,MX,1563652778,81,20.87,-90.4,82.42,16.4
Dubti,0,ET,1563652778,22,11.74,41.09,97.18,5.32
Baykit,44,RU,1563652779,67,61.68,96.39,49.66,9.28
Khandbari,10,NP,1563652779,91,27.38,87.21,55.06,1.9
Lata,1,IN,1563652779,90,30.78,78.62,41.2,1.1
Port Alfred,31,ZA,1563652475,77,-33.59,26.89,51.01,3.0
Ilulissat,75,GL,1563652779,71,69.22,-51.1,51.8,4.7
Noyakert,0,AM,1563652779,37,39.83,44.67,84.2,20.8
Ola,68,RU,1563652779,93,59.58,151.3,49.48,2.01
Lubao,14,CD,1563652780,35,-5.39,25.75,73.6,1.16
Port Arthur,1,US,1563652686,66,29.9,-93.93,93.2,9.17
Faanui,12,PF,1563652780,73,-16.48,-151.75,77.38,13.15
Bagotville,90,AU,1563652780,93,-28.98,153.42,55.99,8.05
Sinnamary,94,GF,1563652780,76,5.38,-52.96,82.24,15.21
Sussex,75,CA,1563652780,48,45.72,-65.51,89.01,8.05
Salinas,1,US,1563652741,60,36.67,-121.66,80.01,12.75
Yulara,0,AU,1563652474,50,-25.24,130.99,53.6,6.93
Mareeba,40,AU,1563652781,72,-16.99,145.42,66.2,9.17
Diamantino,96,BR,1563652781,34,-14.4,-56.44,85.48,6.31
Ponta do Sol,61,BR,1563652476,64,-20.63,-46.0,60.28,5.23
Sangar,0,RU,1563652781,67,63.92,127.47,52.36,0.78
Bandarbeyla,100,SO,1563652782,65,9.49,50.81,77.2,28.03
Santa Isabel do Rio Negro,56,BR,1563652782,92,-0.41,-65.02,80.8,3.18
Ribeira Grande,20,PT,1563652782,83,38.52,-28.7,75.2,8.05
Mar del Plata,26,AR,1563652782,48,-46.43,-67.52,41.38,9.35
Niksar,6,TR,1563652782,89,40.59,36.95,51.46,4.43
Dengzhou,0,CN,1563652782,67,32.69,112.08,78.64,1.14
Kodiak,40,US,1563652783,21,39.95,-94.76,96.01,10.29
San Andres,100,PH,1563652783,90,13.32,122.68,77.74,2.64
Dubasari,40,MD,1563652783,64,47.26,29.16,73.4,6.93
Les Cayes,0,HT,1563652783,77,18.19,-73.75,83.86,16.96
Ust-Karsk,100,RU,1563652783,97,52.71,118.82,54.52,5.53
Kropotkin,31,RU,1563652783,53,45.43,40.58,72.88,9.64
Gafanha da Encarnacao,20,PT,1563652784,93,40.62,-8.73,66.99,11.41
Butaritari,33,KI,1563652474,68,3.07,172.79,84.4,5.99
Ende,43,ID,1563652784,81,-8.84,121.65,74.5,5.17
Longyearbyen,75,NO,1563652784,93,78.22,15.63,42.8,8.05
Lashio,100,MM,1563652784,99,22.93,97.75,70.18,0.65
Molochnoye,0,UA,1563652784,57,44.91,34.04,65.32,2.19
Torbay,75,CA,1563652785,71,47.66,-52.73,60.01,17.22
West Bay,20,CA,1563652785,68,49.34,-123.21,75.99,8.05
Key Largo,75,US,1563652767,70,25.09,-80.45,89.01,10.29
Rosarito,40,CO,1563652785,53,4.91,-75.23,86.0,5.82
Victoria,75,BN,1563652785,88,5.28,115.24,82.4,8.57
Amapa,75,HN,1563652785,62,15.09,-87.97,87.8,10.29
Lebu,40,ET,1563652785,87,8.96,38.73,57.2,4.7
Rocha,61,UY,1563652646,88,-34.48,-54.34,64.24,10.02
Nikolskoye,0,RU,1563652472,77,59.7,30.79,64.4,4.47
Thinadhoo,98,MV,1563652786,76,0.53,72.93,83.14,12.71
Los Andes,40,CL,1563652786,51,-32.83,-70.6,66.99,1.12
Naze,71,NG,1563652646,94,5.43,7.07,72.88,3.85
Mirpur Sakro,0,PK,1563652786,62,24.55,67.63,87.8,9.17
Sobolevo,0,RU,1563652786,75,54.43,31.9,54.52,5.82
Avera,40,US,1563652786,55,33.19,-82.53,95.0,10.29
Camopi,0,GF,1563652787,83,3.17,-52.33,79.72,2.37
Petropavlovsk-Kamchatskiy,40,RU,1563652690,77,53.05,158.65,64.4,11.18
Murgab,0,TM,1563652787,33,37.5,61.97,91.4,4.7
Hami,100,CN,1563652787,39,42.84,93.51,77.38,5.64
Castro,90,CL,1563652787,93,-42.48,-73.76,42.8,8.05
Avarua,7,CK,1563652576,64,-21.21,-159.78,73.4,6.93
Great Falls,1,US,1563652514,28,47.5,-111.29,70.0,5.82
Amboasary,0,MG,1563652787,88,-25.04,46.38,66.2,4.7
Prince Rupert,1,CA,1563652788,77,54.32,-130.32,62.6,5.82
Takoradi,65,GH,1563652788,92,4.89,-1.75,74.32,4.61
Jamestown,2,AU,1563652476,97,-33.21,138.6,44.98,7.0
Kruisfontein,36,ZA,1563652579,84,-34.0,24.73,42.82,4.74
Talnakh,0,RU,1563652253,62,69.49,88.39,57.2,11.18
Mangaldai,11,IN,1563652788,92,26.43,92.03,79.18,4.43
Eyl,100,SO,1563652571,65,7.98,49.82,77.56,25.86
Hithadhoo,91,MV,1563652518,78,-0.6,73.08,82.78,13.76
Leningradskiy,100,RU,1563652789,88,69.38,178.42,36.52,10.13
Ancud,90,CL,1563652789,93,-41.87,-73.83,42.8,8.05
Camacha,75,PT,1563652789,73,33.08,-16.33,73.4,12.75
Qaanaaq,97,GL,1563652789,81,77.48,-69.36,41.92,2.51
Chuy,4,UY,1563652789,91,-33.69,-53.46,61.0,6.62
Kampot,40,KH,1563652789,94,10.62,104.18,78.8,1.12
Biloela,0,AU,1563652790,87,-24.4,150.51,49.84,5.82
Dombarovskiy,0,RU,1563652790,61,50.76,59.54,73.06,22.57
Wajima,100,JP,1563652790,84,37.4,136.9,76.12,6.04
Tagusao,100,PH,1563652790,77,9.19,117.81,80.08,4.03
Te Anau,100,NZ,1563652472,94,-45.41,167.72,44.26,5.03
Cartagena del Chaira,100,CO,1563652790,98,1.33,-74.84,70.18,0.38
Puerto Ayacucho,40,CO,1563652791,70,5.66,-67.63,84.2,4.7
Edd,57,ER,1563652791,61,13.93,41.69,87.46,3.65
Mattru,99,SL,1563652791,95,7.62,-11.83,74.32,1.12
Itarema,80,BR,1563652791,78,-2.92,-39.92,76.66,10.02
Katangli,100,RU,1563652791,95,51.71,143.23,63.7,8.23
Namuac,100,PH,1563652791,86,18.61,121.17,73.78,3.2
Padang,100,ID,1563652792,77,-0.92,100.36,81.16,4.05
Katsuura,75,JP,1563652792,83,33.93,134.5,80.6,25.28
Billings,20,US,1563652792,22,45.79,-108.5,78.01,8.05
San Luis,100,AR,1563652564,62,-33.3,-66.34,64.78,19.26
Mount Gambier,75,AU,1563652629,87,-37.83,140.78,50.0,14.99
Dikson,67,RU,1563652792,99,73.51,80.55,44.62,17.52
Juybar,0,IR,1563652792,78,36.64,52.91,78.8,2.24
Honiara,98,SB,1563652793,81,-9.43,159.96,79.9,12.57
Alofi,20,NU,1563652793,94,-19.06,-169.92,75.2,5.82
Hualmay,41,PE,1563652248,83,-11.1,-77.61,62.26,9.31
Waingapu,44,ID,1563652793,94,-9.65,120.26,67.12,10.2
Tucumcari,1,US,1563652793,16,35.17,-103.73,102.2,8.05
Millinocket,1,US,1563652793,36,45.66,-68.71,99.0,6.93
Carnarvon,27,ZA,1563652793,61,-30.97,22.13,36.16,12.73
Kungurtug,85,RU,1563652794,88,50.6,97.53,45.52,1.9
Atasu,9,KZ,1563652794,63,48.68,71.64,66.94,6.46
Ucluelet,20,CA,1563652794,82,48.94,-125.55,75.99,5.82
Caravelas,37,BR,1563652794,76,-17.73,-39.27,71.62,13.58
Dunedin,91,NZ,1563652794,99,-45.87,170.5,48.99,12.82
Tuatapere,100,NZ,1563652795,98,-46.13,167.69,46.0,8.01
Cabo San Lucas,5,MX,1563652629,58,22.89,-109.91,89.01,11.41
Ben Tre,100,VN,1563652795,92,10.24,106.37,77.02,2.98
Gizo,20,IL,1563652795,69,31.8,34.94,80.6,6.93
Lorengau,89,PG,1563652795,80,-2.02,147.27,80.44,8.95
Lixourion,0,GR,1563652795,54,38.2,20.43,80.6,13.87
Banepa,75,NP,1563652795,94,27.63,85.52,71.6,2.24
Bonfim,75,BR,1563652796,46,-20.33,-44.24,69.8,11.41
Khatanga,0,RU,1563652473,58,71.98,102.47,65.68,9.42
Yuzhno-Kurilsk,98,RU,1563652796,94,44.03,145.86,57.94,4.38
Lompoc,20,US,1563652192,60,34.64,-120.46,73.4,7.65
Saint-Augustin,75,CA,1563652796,62,45.63,-73.98,93.99,9.17
Mao,40,DO,1563652796,49,19.55,-71.08,93.2,17.22
Pokosnoye,73,RU,1563652796,97,55.53,101.05,52.9,4.34
Fairbanks,90,US,1563652519,77,64.84,-147.72,62.6,11.92
Gigmoto,98,PH,1563652797,77,13.78,124.39,82.96,4.79
Alta Floresta,20,BR,1563652249,30,-9.87,-56.08,93.2,6.93
Ranapur,0,IN,1563652797,82,22.65,74.53,79.54,13.71
Polewali,0,ID,1563652797,79,-4.03,119.8,79.0,19.82
The Pas,40,CA,1563652797,59,53.82,-101.24,64.4,5.82
Owosso,40,US,1563652646,49,43.0,-84.18,96.01,17.22
Belmonte,0,PT,1563652702,81,40.36,-7.35,61.18,4.18
Yerbogachen,4,RU,1563652563,66,61.28,108.01,50.02,9.15
Altay,7,CN,1563652798,74,47.83,88.13,47.68,3.56
Vestmanna,100,FO,1563652798,93,62.16,-7.17,53.6,8.05
Coquimbo,0,CL,1563652798,72,-29.95,-71.34,59.0,14.99
Gejiu,100,CN,1563652798,93,23.36,103.16,63.7,3.2
Kharp,28,RU,1563652798,89,66.82,65.8,52.9,2.44
Lima,90,PE,1563652798,77,-12.06,-77.04,64.4,8.46
Port Hardy,75,CA,1563652590,87,50.7,-127.42,57.2,6.93
Naantali,0,FI,1563652799,49,60.45,22.03,68.0,3.36
Gazli,0,UZ,1563652799,17,40.13,63.45,91.06,8.48
Dingle,36,PH,1563652799,89,11.0,122.67,74.5,2.1
Nagato,75,JP,1563652799,100,34.35,131.14,77.0,16.11
Walvis Bay,0,NA,1563652253,37,-22.95,14.51,71.6,4.7
Salalah,75,OM,1563652475,94,17.01,54.1,78.8,4.7
Pszczyna,0,PL,1563652799,60,49.98,18.94,73.99,3.36
Narsaq,40,GL,1563652800,59,60.91,-46.05,60.8,8.05
Salcedo,40,DO,1563652800,49,19.38,-70.42,93.2,17.22
San Matias,88,BO,1563652800,26,-16.36,-58.4,92.14,6.15
Cooma,0,AU,1563652800,74,-36.24,149.13,37.4,3.36
Hambantota,100,LK,1563652476,78,6.12,81.12,81.52,22.73
Skegness,20,GB,1563652800,55,53.14,0.34,66.2,13.87
Esperance,75,AU,1563652801,87,-33.86,121.89,51.8,17.22
Shiraz,20,IR,1563652801,22,29.61,52.54,87.8,4.7
Luderitz,0,NA,1563652801,72,-26.65,15.16,57.22,11.92
Ibb,20,YE,1563652802,66,13.97,44.18,75.04,3.13
Grand Gaube,40,MU,1563652803,83,-20.01,57.66,71.6,6.93
Kieta,1,PG,1563652803,80,-6.22,155.63,79.72,5.61
Prince George,90,CA,1563652803,63,53.92,-122.75,66.99,5.82
Rio Gallegos,0,AR,1563652803,45,-51.62,-69.22,44.6,11.41
Nouakchott,0,MR,1563652806,74,18.08,-15.98,80.6,10.29
Pisco,0,PE,1563652812,30,-13.71,-76.2,71.6,8.05
Samaro,0,PK,1563652813,48,25.28,69.4,90.34,12.19
Superior,40,US,1563652815,42,39.95,-105.17,89.01,9.17
Kahului,40,US,1563652816,65,20.89,-156.47,82.4,13.87
Aketi,100,CD,1563652816,96,2.74,23.78,69.64,1.07
Harlingen,75,NL,1563652590,82,53.18,5.41,68.0,9.17
Copiapo,20,CL,1563652816,67,-27.37,-70.33,59.0,10.29
Tabuk,100,PH,1563652817,96,17.41,121.44,65.14,1.66
Juneau,90,US,1563652020,87,58.3,-134.42,59.0,3.36
Xushan,0,CN,1563652817,100,30.18,121.25,84.0,7.02
Faya,100,SA,1563652471,15,18.39,42.45,80.6,10.29
Mezen,100,RU,1563652818,88,65.85,44.24,49.48,7.27
South Lake Tahoe,1,US,1563652754,24,38.93,-119.98,91.99,6.35
Eureka,90,US,1563652819,82,40.8,-124.16,68.0,9.17
Hamilton,75,CA,1563652708,66,43.26,-79.87,95.0,17.22
Kaduna,67,NG,1563652819,88,10.52,7.44,71.08,3.85
Bunia,23,CD,1563652820,97,1.56,30.25,64.06,1.61
Gat,20,SN,1563652820,58,14.69,-16.54,82.4,9.17
Kabalo,0,CD,1563652821,35,-6.05,26.92,73.24,1.61
Khandyga,1,RU,1563652821,51,62.65,135.58,50.92,3.91
Puerto Penasco,0,MX,1563652821,78,31.32,-113.53,88.0,11.99
Sijunjung,92,ID,1563652821,97,-0.69,100.95,65.5,1.54
Tiksi,5,RU,1563652821,75,71.64,128.87,44.26,10.18
Setermoen,90,NO,1563652821,59,68.86,18.35,66.2,5.82
Baruun-Urt,0,MN,1563652822,81,46.68,113.28,60.1,2.86
Sitka,0,US,1563652822,27,37.17,-99.65,102.99,15.01
Saldanha,0,PT,1563652471,47,41.42,-6.55,72.88,7.74
Kisangani,90,CD,1563652822,92,0.52,25.21,70.72,1.86
Dublin,75,IE,1563652822,72,53.35,-6.26,63.0,5.82
Miles City,1,US,1563652822,23,46.41,-105.84,79.0,4.7
Dragor,0,BG,1563652823,49,42.23,24.3,75.2,2.24
Khudat,0,AZ,1563652823,64,41.63,48.68,71.26,4.12
Maymyo,75,MM,1563652823,70,22.03,96.47,87.8,11.41
Finschhafen,80,PG,1563652823,95,-6.6,147.85,64.24,2.13
Cidreira,0,BR,1563652471,78,-30.17,-50.22,61.72,7.7
Sayat,0,TM,1563652823,21,38.78,63.88,95.0,9.17
Burns Lake,90,CA,1563652823,49,54.23,-125.76,65.5,3.31
Manado,20,ID,1563652618,94,1.49,124.85,71.6,3.36
Iberia,78,PE,1563652824,42,-11.41,-69.49,88.72,2.33
Llanes,82,ES,1563652824,96,43.42,-4.75,72.0,6.96
Nome,40,US,1563652824,56,30.04,-94.42,95.0,8.05
Port Moresby,20,PG,1563652824,94,-9.47,147.16,68.0,3.36
Nanortalik,100,GL,1563652824,94,60.14,-45.24,42.46,4.94
Poum,40,MK,1563652825,68,41.28,20.71,69.8,2.24
Columbus,40,US,1563652820,58,32.46,-84.99,91.99,7.78
Bethel,90,US,1563652700,93,60.79,-161.76,53.6,11.41
San Pedro Buenavista,69,MX,1563652825,85,20.01,-97.11,73.42,3.87
Beaverlodge,20,CA,1563652825,72,55.21,-119.43,66.2,5.82
Otane,35,NZ,1563652825,75,-39.89,176.62,48.0,4.0
Poshekhonye,41,RU,1563652825,93,58.5,39.12,55.78,3.76
Bend,1,US,1563652826,23,44.06,-121.32,78.01,3.36
Haines Junction,80,CA,1563652826,50,60.75,-137.51,63.52,5.21
Zhigansk,26,RU,1563652826,52,66.77,123.37,60.28,9.48
Progreso,75,UY,1563652826,82,-34.68,-56.22,66.2,12.75
Beloha,0,MG,1563652826,64,-25.17,45.06,64.96,12.24
Klaksvik,100,FO,1563652826,93,62.23,-6.59,53.6,8.05
Ravar,0,IR,1563652827,15,31.27,56.81,72.16,3.65
Mtsamboro,0,YT,1563652827,83,-12.7,45.07,75.2,6.93
College,90,US,1563652827,77,64.86,-147.8,64.4,11.92
Lincoln,20,GB,1563652700,55,53.23,-0.54,66.2,13.87
Marrakesh,0,MA,1563652827,45,31.63,-7.99,84.2,12.75
Soto la Marina,69,MX,1563652827,29,23.77,-98.21,98.08,18.75
Berlevag,0,NO,1563652828,80,70.86,29.09,52.9,4.09
Anloga,40,GH,1563652828,94,5.79,0.9,77.0,9.17
Bourail,46,NC,1563652828,81,-21.57,165.5,60.1,6.62
Hirara,100,JP,1563652828,84,24.8,125.28,83.5,19.06
Deputatskiy,100,RU,1563652828,65,69.3,139.9,50.2,18.07
Sibolga,100,ID,1563652828,78,1.74,98.78,81.88,12.03
Bonavista,0,CA,1563652829,80,48.65,-53.11,54.0,5.01
Opuwo,0,NA,1563652253,21,-18.06,13.84,56.68,5.59
Umm Lajj,0,SA,1563652829,72,25.02,37.27,86.56,6.89
Khor,100,RU,1563652829,89,47.88,134.96,70.0,6.35
Banda Aceh,100,ID,1563652680,82,5.56,95.32,81.88,26.73
Linhares,74,BR,1563652829,83,-19.38,-40.06,66.4,5.17
Kasama,0,ZM,1563652829,55,-10.21,31.19,55.6,3.56
Bubaque,97,GW,1563652474,79,11.28,-15.83,79.18,2.26
Svetlogorsk,90,RU,1563652830,73,53.14,59.15,69.8,20.13
Sambava,100,MG,1563652830,80,-14.27,50.17,70.18,1.9
Rio Pomba,75,BR,1563652830,59,-21.28,-43.18,60.8,11.41
Cumana,20,VE,1563652830,43,10.46,-64.17,91.4,10.09
San Jose,75,HN,1563652830,43,14.25,-87.96,89.6,5.82
Ostrovnoy,0,RU,1563652830,85,68.05,39.51,40.12,0.63
Kaitangata,100,NZ,1563652476,91,-46.28,169.85,50.0,10.0
Gravdal,75,NO,1563652831,87,59.79,5.78,60.8,12.75
Kudat,75,MY,1563652831,83,6.89,116.84,82.4,4.7
Saskylakh,11,RU,1563652247,56,71.97,114.09,61.54,6.26
Codrington,90,AU,1563652823,93,-28.95,153.24,55.99,8.05
Uhlove,0,UA,1563652831,70,44.82,33.6,73.42,3.27
Iisalmi,0,FI,1563652831,77,63.56,27.19,64.4,3.36
Kargopol,100,RU,1563652831,88,61.51,38.95,54.52,4.94
Saint George,20,GR,1563652473,39,39.45,22.34,78.8,4.7
Souillac,0,FR,1563652832,69,45.6,-0.6,73.4,8.05
Dve Mogili,16,BG,1563652832,100,43.59,25.87,68.0,1.34
Wanaka,95,NZ,1563652832,90,-44.7,169.14,43.0,1.01
Boyolangu,94,ID,1563652832,89,-8.09,111.9,70.9,6.44
Luwuk,85,ID,1563652832,98,-0.95,122.79,62.98,5.08
Sun City West,20,US,1563652832,14,33.66,-112.34,108.0,8.05
Fukue,75,JP,1563652833,88,35.03,136.69,78.8,8.05
Khani,90,GE,1563652833,100,41.96,42.96,69.8,3.36
Gilroy,1,US,1563652804,60,37.01,-121.56,81.0,12.75
Mae Hong Son,100,MM,1563652833,97,19.3,97.96,72.34,2.89
Hovd,0,NO,1563652833,43,63.83,10.7,73.4,18.34
Boa Vista,76,BR,1563652632,62,2.82,-60.67,86.38,6.58
Bonham,1,US,1563652833,49,33.58,-96.18,97.0,14.99
Santiago del Estero,0,AR,1563652761,51,-27.8,-64.26,77.02,9.01
San Pedro,100,AR,1563652720,77,-33.68,-59.66,70.0,5.01
Christchurch,97,NZ,1563652131,100,-43.53,172.64,51.01,20.8
Daru,80,PG,1563652834,86,-9.07,143.21,71.62,7.07
Kirensk,93,RU,1563652834,54,57.78,108.12,53.62,9.1
Verkhniy Landekh,26,RU,1563652834,96,56.84,42.6,54.16,5.21
Portland,1,US,1563652766,49,43.66,-70.25,93.99,9.17
Hackettstown,1,US,1563652834,41,40.85,-74.83,99.0,13.87
Hofn,100,IS,1563652472,98,64.25,-15.21,40.3,4.52
Khash,0,IR,1563652835,22,28.22,61.21,71.26,5.37
Ambilobe,99,MG,1563652835,75,-13.19,49.05,74.68,2.21
Chicama,0,PE,1563652835,72,-7.84,-79.15,68.0,10.29
Svetlaya,100,RU,1563652835,97,46.54,138.33,61.54,2.39
Swellendam,100,ZA,1563652835,86,-34.02,20.44,39.2,5.82
Inta,66,RU,1563652253,79,66.04,60.13,61.0,6.91
Ziro,100,IN,1563652835,96,27.54,93.82,59.38,1.9
Richards Bay,100,ZA,1563652836,71,-28.77,32.06,62.26,40.2
Ambanja,96,MG,1563652836,72,-13.68,48.45,78.28,5.44
Namibe,96,AO,1563652836,87,-15.19,12.15,69.46,5.06
Antofagasta,20,CL,1563652827,63,-23.65,-70.4,60.8,11.41
Washington DC.,40,US,1563652757,44,38.9,-77.04,99.0,10.29
Udachnyy,0,RU,1563652836,50,66.42,112.4,53.6,2.37
Halifax,75,CA,1563652598,52,44.65,-63.58,91.99,9.17
Olavarria,99,AR,1563652837,90,-36.89,-60.32,57.99,1.99
Aklavik,40,CA,1563652837,77,68.22,-135.01,62.6,5.82
Santa Ana,41,MX,1563652766,34,30.54,-111.12,100.0,1.01
Ambalavao,0,MG,1563652837,50,-21.83,46.94,55.42,1.86
Russell,1,US,1563652637,27,38.9,-98.86,107.01,19.46
Los Llanos de Aridane,40,ES,1563652719,83,28.66,-17.92,73.4,19.46
Honningsvag,0,NO,1563652838,77,70.98,25.97,52.18,3.02
Teya,75,MX,1563652838,49,21.05,-89.07,96.01,6.93
Acapulco,75,MX,1563652247,66,16.86,-99.88,87.8,10.29
Sola,100,TZ,1563652838,47,-3.17,33.8,74.32,3.96
Kabare,100,RW,1563652838,95,-1.65,29.38,56.68,1.52
Brzeg Dolny,0,PL,1563652838,60,51.27,16.72,73.4,8.05
Wagar,94,US,1563652838,78,31.44,-87.99,82.99,1.01
Xining,100,CN,1563652839,86,36.62,101.77,50.92,3.4
San Cristobal,48,HN,1563652249,44,14.68,-86.92,84.58,13.89
Macae,90,BR,1563652708,77,-22.37,-41.79,71.6,13.87
Vila Franca do Campo,40,PT,1563652839,88,37.72,-25.43,73.4,5.82
Marshall,1,US,1563652839,63,39.12,-93.2,97.0,17.22
Warri,100,NG,1563652768,88,5.52,5.75,77.2,4.74
Muncar,96,ID,1563652839,96,-8.43,114.34,70.18,1.23
Sochi,90,RU,1563652839,83,43.6,39.73,75.2,4.47
Rasova,0,ME,1563652840,82,43.15,19.27,58.48,2.73
Imphal,100,IN,1563652840,99,24.8,93.94,70.54,0.89
Atambua,8,ID,1563652840,74,-9.11,124.89,74.14,9.82
Ngunguru,36,NZ,1563652840,95,-35.62,174.5,42.01,1.99
Senno,0,RU,1563652840,82,57.76,27.95,60.8,3.33
Mount Isa,33,AU,1563652840,59,-20.73,139.49,35.6,7.2
Hopeman,20,GB,1563652841,67,57.71,-3.43,62.6,12.75
Artsyz,33,UA,1563652841,64,46.0,29.43,68.92,8.39
Amahai,65,ID,1563652841,92,-3.31,129.0,78.01,11.16
Capljina,0,BA,1563652841,44,43.12,17.68,80.6,5.82
Neu Wulmstorf,72,DE,1563652841,93,53.47,9.79,66.0,4.7
Guerrero Negro,50,MX,1563652841,87,27.97,-114.04,65.32,17.56
Oni,36,GE,1563652841,96,42.59,43.44,62.26,1.59
Meulaboh,100,ID,1563652842,79,4.14,96.13,79.72,3.06
Bolshoye Murashkino,39,RU,1563652842,95,55.78,44.78,56.32,7.52
Santa Cruz de Tenerife,40,ES,1563652842,88,28.47,-16.25,75.99,16.11
Arys,0,KZ,1563652842,28,42.43,68.8,82.4,4.47
Xinqing,100,CN,1563652842,95,48.28,129.53,67.66,4.65
Qasigiannguit,75,GL,1563652842,71,68.82,-51.19,51.8,4.7
Kindu,1,CD,1563652843,74,-2.95,25.92,73.6,3.83
Dzilam Gonzalez,0,MX,1563652843,82,21.28,-88.93,82.24,18.59
Grand-Lahou,100,CI,1563652843,97,5.24,-5.0,73.06,4.0
Lares,40,PR,1563652843,83,18.3,-66.88,82.0,10.29
Cayambe,83,EC,1563652843,27,0.04,-78.14,75.2,8.05
Vardo,1,US,1563652843,50,39.62,-77.74,98.01,9.17
Sohag,0,EG,1563652844,26,26.55,31.7,93.2,13.87
Sikeston,40,US,1563652708,63,36.88,-89.59,91.99,9.17
Wiarton,90,CA,1563652844,65,44.74,-81.13,84.0,17.22
La Paz,40,MX,1563652844,29,24.15,-110.32,89.6,5.82
Noumea,75,NC,1563652639,87,-22.28,166.46,55.4,14.76
Wadi Maliz,20,TN,1563652844,41,36.47,8.55,91.4,10.29
Mahon,75,IE,1563652845,77,51.89,-8.4,62.01,9.17
Rio Branco,40,BR,1563652845,58,-9.98,-67.82,87.8,2.24
Moose Factory,90,CA,1563652845,77,51.26,-80.61,62.6,9.17
Dukat,0,AL,1563652845,49,40.25,19.57,79.0,5.35
Alice Springs,82,AU,1563652743,21,-23.7,133.88,59.0,9.17
Whyalla,0,AU,1563652845,76,-33.04,137.58,51.8,6.93
Chuka,89,KE,1563652845,72,-0.33,37.65,64.06,3.78
Manggar,15,ID,1563652846,92,-2.88,108.27,75.58,4.32
Makakilo City,75,US,1563652836,73,21.35,-158.09,84.99,4.7
Shinpokh,40,PK,1563652846,62,34.33,71.18,91.4,6.93
Moramanga,0,MG,1563652846,73,-18.95,48.23,52.0,3.42
Roura,75,GF,1563652846,78,4.73,-52.33,82.4,5.82
Cabot,40,US,1563652820,55,34.97,-92.02,95.0,10.29
Sur,4,OM,1563652846,81,22.57,59.53,76.66,14.03
Charleston,1,US,1563652591,62,32.79,-79.94,95.0,8.05
Camargo,4,MX,1563652847,22,27.69,-105.17,92.32,6.13
Tupik,100,RU,1563652847,98,54.43,119.94,50.2,11.03
Genhe,77,CN,1563652847,99,50.78,121.52,60.1,3.22
Susangerd,0,IR,1563652847,21,31.56,48.19,102.2,11.41
Mayumba,30,GA,1563652848,89,-3.44,10.65,71.62,8.16
Carlton,1,US,1563652848,57,46.66,-92.42,75.99,3.36
Nanakuli,75,US,1563652848,73,21.39,-158.15,84.99,4.7
Nyurba,0,RU,1563652848,72,63.29,118.35,52.18,2.33
Buraydah,0,SA,1563652848,23,26.33,43.97,93.2,8.05
Ewa Beach,40,US,1563652838,58,21.32,-158.01,84.99,17.22
Cuamba,35,MZ,1563652848,45,-14.8,36.54,62.44,4.41
Denizli,20,TR,1563652849,56,37.77,29.09,70.0,4.7
Tigil,100,RU,1563652849,95,57.8,158.67,55.06,15.01
Hervey Bay,5,AU,1563652868,87,-25.3,152.85,52.0,6.93
Labuhan,0,ID,1563652868,95,-2.54,115.51,70.36,1.77
Broome,40,GB,1563652841,88,52.47,1.45,68.0,6.93
Pochutla,5,MX,1563652868,55,15.74,-96.47,91.0,11.41
Male,4,UA,1563652869,81,50.74,33.7,62.44,3.27
Lakes Entrance,0,AU,1563652869,69,-37.88,147.99,54.0,12.93
Alexandria,7,RO,1563652869,53,43.97,25.33,72.52,4.21
Miyako,75,JP,1563652869,94,33.63,130.94,77.0,12.75
Maputo,75,MZ,1563652869,45,-25.97,32.57,66.2,16.11
Bolshaya Glushitsa,0,RU,1563652869,76,50.24,43.59,59.0,5.39
Yuzhou,67,CN,1563652870,78,34.16,113.47,80.6,6.71
Cayon,20,KN,1563652870,62,17.35,-62.73,89.01,9.17
Omboue,67,GA,1563652870,87,-1.57,9.26,74.68,9.84
Tabou,87,CI,1563652870,91,4.42,-7.36,73.96,4.7
Sao Jose da Coroa Grande,68,BR,1563652871,94,-8.9,-35.15,70.36,6.49
Ayorou,89,NE,1563652871,56,14.73,0.92,81.16,11.99
Tautira,20,PF,1563652871,61,-17.73,-149.15,78.8,4.7
Hasaki,75,JP,1563652871,100,35.73,140.83,73.4,6.93
Martil,20,MA,1563652871,78,35.62,-5.28,77.0,8.05
Pangnirtung,75,CA,1563652871,63,66.15,-65.72,64.4,14.99
Henties Bay,0,NA,1563652839,86,-22.12,14.28,57.99,8.25
Aasiaat,100,GL,1563652872,87,68.71,-52.87,43.72,5.14
Solton,44,RU,1563652872,98,52.84,86.48,57.58,4.65
Kaeo,86,NZ,1563652872,95,-35.1,173.78,42.01,1.99
Cukai,0,MY,1563652872,100,4.25,103.42,80.6,1.79
Livingston,90,US,1563652789,78,32.58,-88.19,79.0,3.36
Dom Pedrito,0,BR,1563652873,88,-30.98,-54.67,65.68,8.97
Dasoguz,0,TM,1563652873,83,41.84,59.97,91.4,2.24
Ixtapa,75,MX,1563652873,58,20.71,-105.21,86.0,6.93
Comodoro Rivadavia,0,AR,1563652873,46,-45.87,-67.48,50.0,11.41
Baicheng,100,CN,1563652873,46,45.61,122.87,78.01,3.0
Isangel,40,VU,1563652873,77,-19.55,169.27,68.0,4.7
San Patricio,50,PY,1563652858,81,-26.98,-56.83,71.26,7.65
Vila Velha,75,BR,1563652874,65,-3.71,-38.6,86.0,17.22
Harboore,88,DK,1563652874,100,56.62,8.18,63.0,3.36
Veinticinco de Mayo,5,AR,1563652874,80,-27.38,-54.75,68.56,3.49
Saint-Joseph,0,FR,1563652874,83,43.56,6.97,78.8,2.24
Chernyshevskiy,0,RU,1563652875,73,63.01,112.47,49.3,4.5
Misratah,0,LY,1563652875,71,32.38,15.09,77.92,13.82
Dubai,0,AE,1563652605,47,25.27,55.3,98.6,9.17
Tevaitoa,9,PF,1563652875,77,-16.78,-151.5,76.12,16.02
Kavaratti,99,IN,1563652852,80,10.57,72.64,81.34,26.73
Omsukchan,100,RU,1563652875,91,62.53,155.8,39.22,3.24
Puquio,68,PE,1563652876,49,-14.69,-74.12,50.56,9.51
Praya,75,ID,1563652876,100,-8.71,116.27,69.8,3.36
Broken Hill,48,AU,1563652876,30,-31.97,141.45,57.2,16.11
Uyuni,99,BO,1563652876,30,-20.46,-66.82,50.2,14.83
Yakeshi,68,CN,1563652877,98,49.28,120.73,60.64,11.21
Eydhafushi,100,MV,1563652877,78,5.1,73.07,82.78,18.86
Mogadishu,41,SO,1563652877,82,2.04,45.34,75.04,12.06
Srivardhan,13,IN,1563652877,87,18.03,73.02,78.82,1.5
Skjervoy,0,NO,1563652877,75,70.03,20.97,55.6,3.02
Lichtenfels,70,DE,1563652877,63,50.15,11.06,75.99,3.0
Mahajanga,0,MG,1563652878,78,-15.72,46.32,75.2,4.7
Buribay,20,RU,1563652878,81,51.96,58.16,67.48,16.67
Thomaston,75,US,1563652878,46,32.89,-84.33,91.99,6.93
Dudinka,0,RU,1563652632,62,69.41,86.18,57.2,11.18
Bonthe,100,SL,1563652878,90,7.53,-12.5,76.48,5.17
Rovaniemi,0,FI,1563652878,55,66.5,25.72,64.4,8.05
Ust-Ilimsk,50,RU,1563652879,66,57.96,102.73,50.92,5.03
Saint Pete Beach,40,US,1563652879,62,27.73,-82.74,95.0,8.05
Paamiut,0,GL,1563652879,93,61.99,-49.67,42.64,15.68
Sikandarpur,0,IN,1563652879,70,26.04,84.05,87.82,7.63
Fort Walton Beach,75,US,1563652879,66,30.41,-86.62,87.8,10.29
Antalaha,99,MG,1563652880,93,-14.9,50.28,65.68,1.7
Hukuntsi,0,BW,1563652880,42,-23.98,21.76,49.3,7.72
Bure,0,NG,1563652880,80,10.52,10.33,72.52,5.03
Maxixe,40,MZ,1563652880,73,-23.86,35.35,69.8,9.17
Toyooka,100,JP,1563652880,91,35.55,134.82,72.7,6.51
Brandon,40,US,1563652844,73,43.59,-96.57,73.0,4.7
Kristiansund,100,NO,1563652880,49,63.12,7.73,69.8,13.87
Mandalgovi,100,MN,1563652881,43,45.76,106.27,68.38,14.56
Lamu,100,CN,1563652881,63,35.77,102.37,57.04,1.43
Ferme-Neuve,92,CA,1563652582,73,46.7,-75.45,80.44,6.58
Sungaipenuh,89,ID,1563652881,92,-2.08,101.38,70.18,3.8
Menongue,0,AO,1563652881,29,-14.66,17.68,52.18,3.47
Gornyy,0,RU,1563652881,72,51.76,48.54,64.24,6.22
Mabaruma,100,GY,1563652882,95,8.2,-59.78,78.1,3.65
Karatau,27,KZ,1563652882,20,43.18,70.46,76.84,3.11
Chiang Klang,100,TH,1563652882,95,19.29,100.86,71.98,1.9
Namatanai,81,PG,1563652882,85,-3.66,152.44,78.64,11.83
Birin,2,NP,1563652882,92,26.89,88.07,61.18,2.1
Lavrentiya,100,RU,1563652862,94,65.58,-170.99,42.82,4.54
Ballina,75,IE,1563652882,87,54.11,-9.15,60.01,6.93
Ardmore,40,US,1563652883,62,34.99,-86.85,93.0,6.93
Carutapera,80,BR,1563652883,92,-1.2,-46.02,76.48,7.11
Along,100,IN,1563652883,95,28.17,94.8,61.0,1.39
Tazovskiy,91,RU,1563652883,55,67.47,78.7,58.84,10.96
Ayan,0,IR,1563652883,49,38.23,44.7,63.16,4.36
Bilibino,100,RU,1563652838,74,68.06,166.44,39.76,2.71
